Workbook

Sheet Data_mappa
A1: droni | B1: modello | C1: Origin | D1: Origin_name | E1: lat_origin | F1: lon_origin | G1: Destination | H1: Destination_name | I1: lat_dest | J1: lon_dest | K1: nr_flights | L1: peso_trasport | M1: CO2_reduction | N1: nr_movs_replaced | O1: peso_diverted
A2: 10 | B2: cargo | C2: 25290 | D2: CSP FIRENZE | E2: 43.81803 | F2: 11.21155 | G2: 25398 | H2: FIRENZE | I2: 43.76946 | J2: 11.19172 | K2: 4 | L2: 202.9 | M2: 3405.1465 | N2: 1 | O2: 202.9
A3: 10 | B3: cargo | C3: 25290 | D3: CSP FIRENZE | E3: 43.81803 | F3: 11.21155 | G3: 25400 | H3: FIRENZE | I3: 43.79869 | J3: 11.20762 | K3: 65 | L3: 5580.6538 | M3: 8385.2645 | N3: 6 | O3: 5440.56
A4: 10 | B4: cargo | C4: 25398 | D4: FIRENZE | E4: 43.76946 | F4: 11.19172 | G4: 25290 | H4: CSP FIRENZE | I4: 43.81803 | J4: 11.21155 | K4: 13 | L4: 38 | M4: 4377.3511 | N4: 1 | O4: 38
A5: 10 | B5: cargo | C5: 25400 | D5: FIRENZE | E5: 43.79869 | F5: 11.20762 | G5: 25290 | H5: CSP FIRENZE | I5: 43.81803 | J5: 11.21155 | K5: 43 | L5: 159.92 | M5: 2673.5626 | N5: 2 | O5: 159.92
A6: 10 | B6: cargo | C6: 25400 | D6: FIRENZE | E6: 43.79869 | F6: 11.20762 | G6: 25398 | H6: FIRENZE | I6: 43.76946 | J6: 11.19172 | K6: 13 | L6: 961.4 | M6: 2989.5291 | N6: 2 | O6: 961.4
A7: 10 | B7: cargo | C7: 25401 | D7: PRATO | E7: 43.87838 | F7: 11.10321 | G7: 25290 | H7: CSP FIRENZE | I7: 43.81803 | J7: 11.21155 | K7: 1 | L7: 18.009687 | M7: 0 | N7: 0 | O7: 0
A8: 10 | B8: cargo | C8: 46445 | D8: CO PERUGIA | E8: 43.10801 | F8: 12.37794 | G8: 46468 | H8: PERUGIA | I8: 43.11649 | J8: 12.45126 | K8: 1 | L8: 56.631482 | M8: 2187.4603 | N8: 1 | O8: 36
A9: 10 | B9: cargo | C9: 46445 | D9: CO PERUGIA | E9: 43.10801 | F9: 12.37794 | G9: 46471 | H9: CORCIANO | I9: 43.10031 | J9: 12.31852 | K9: 6 | L9: 377 | M9: 5420.0405 | N9: 3 | O9: 377
A10: 10 | B10: cargo | C10: 46471 | D10: CORCIANO | E10: 43.10031 | F10: 12.31852 | G10: 46445 | H10: CO PERUGIA | I10: 43.10801 | J10: 12.37794 | K10: 7 | L10: 457.92367 | M10: 0 | N10: 0 | O10: 0
A11: 10 | B11: co2 | C11: 25290 | D11: CSP FIRENZE | E11: 43.81803 | F11: 11.21155 | G11: 25239 | H11: FIRENZE | I11: 43.77281 | J11: 11.29452 | K11: 14 | L11: 539.67436 | M11: 3645.7672 | N11: 1 | O11: 516.3
A12: 10 | B12: co2 | C12: 25290 | D12: CSP FIRENZE | E12: 43.81803 | F12: 11.21155 | G12: 25398 | H12: FIRENZE | I12: 43.76946 | J12: 11.19172 | K12: 9.0000006 | L12: 501.48177 | M12: 8995.3229 | N12: 3 | O12: 907.6
A13: 10 | B13: co2 | C13: 25290 | D13: CSP FIRENZE | E13: 43.81803 | F13: 11.21155 | G13: 25400 | H13: FIRENZE | I13: 43.79869 | J13: 11.20762 | K13: 12 | L13: 900.04548 | M13: 4374.9206 | N13: 3 | O13: 879.3
... A853: 210 | B853: movements | C853: 92197 | D853: TERNI | E853: 42.57059 | F853: 12.6323 | G853: 92198 | H853: NARNI | I853: 42.52916 | J853: 12.51361 | K853: 25 | L853: 475 | M853: 7218.619 | N853: 2 | O853: 475

Sheet Dati complessivi
A1: metrica | B1: Nr. Drones | C1: M1 | D1: M2 | E1: M3 | F1: Max | G1: Max_achievable
A2: cargo | B2: 10 | C2: 7852.4386 | D2: 4949.122 | E2: 5052.9131 | F2: 77845.22 | G2: 24597.6
A3: cargo | B3: 30 | C3: 16163.849 | D3: 12023.564 | E3: 9815.5 | F3: 77845.22 | G3: 24597.6
A4: cargo | B4: 50 | C4: 20828.837 | D4: 17570.256 | E4: 14506.146 | F4: 77845.22 | G4: 24597.6
A5: cargo | B5: 70 | C5: 23288.001 | D5: 21690.326 | E5: 17750.94 | F5: 77845.22 | G5: 24597.6
A6: cargo | B6: 90 | C6: 24514.122 | D6: 23553.24 | E6: 24253.1 | F6: 77845.22 | G6: 24597.6
A7: cargo | B7: 110 | C7: 24585.207 | D7: 24597.6 | E7: 24597.6 | F7: 77845.22 | G7: 24597.6
A8: cargo | B8: 130 | C8: 24591.726 | D8: 24597.6 | E8: 24597.6 | F8: 77845.22 | G8: 24597.6
A9: cargo | B9: 150 | C9: 24597.6 | D9: 24597.6 | E9: 24308.6 | F9: 77845.22 | G9: 24597.6
A10: cargo | B10: 170 | C10: 24597.6 | D10: 24597.6 | E10: 24597.6 | F10: 77845.22 | G10: 24597.6
A11: cargo | B11: 190 | C11: 24597.6 | D11: 24597.6 | E11: 24597.6 | F11: 77845.22 | G11: 24597.6
A12: cargo | B12: 210 | C12: 24597.6 | D12: 24597.6 | E12: 24597.6 | F12: 77845.22 | G12: 24597.6
A13: movements | B13: 10 | C13: 16 | D13: =+E13 -> 33 | E13: 33 | F13: 257 | G13: 60
A14: movements | B14: 30 | C14: 35 | D14: 46 | E14: 43 | F14: 257 | G14: 60
A15: movements | B15: 50 | C15: 44 | D15: 52 | E15: 47 | F15: 257 | G15: 60
A16: movements | B16: 70 | C16: 48 | D16: 57 | E16: 55 | F16: 257 | G16: 60
A17: movements | B17: 90 | C17: 56 | D17: 60 | E17: 58 | F17: 257 | G17: 60
A18: movements | B18: 110 | C18: 58 | D18: 60 | E18: 60 | F18: 257 | G18: 60
A19: movements | B19: 130 | C19: 59 | D19: 60 | E19: 60 | F19: 257 | G19: 60
A20: movements | B20: 150 | C20: 60 | D20: 60 | E20: 59 | F20: 257 | G20: 60
A21: movements | B21: 170 | C21: 60 | D21: 60 | E21: 60 | F21: 257 | G21: 60
A22: movements | B22: 190 | C22: 60 | D22: 60 | E22: 60 | F22: 257 | G22: 60
A23: movements | B23: 210 | C23: 60 | D23: 60 | E23: 60 | F23: 257 | G23: 60
A24: co2 | B24: 10 | C24: 29.438355 | D24: 79.032941 | E24: 83.918269 | F24: =4490981.01238192/1000 -> 4490.981 | G24: 155.26107
A25: co2 | B25: 30 | C25: 76.582985 | D25: 106.84285 | E25: 114.08092 | F25: =4490981.01238192/1000 -> 4490.981 | G25: 155.26107
A26: co2 | B26: 50 | C26: 102.00614 | D26: 124.70954 | E26: 130.657 | F26: =4490981.01238192/1000 -> 4490.981 | G26: 155.26107
A27: co2 | B27: 70 | C27: 120.76968 | D27: 140.38634 | E27: 144.39669 | F27: =4490981.01238192/1000 -> 4490.981 | G27: 155.26107
A28: co2 | B28: 90 | C28: 143.59219 | D28: =+E28 -> 152.77952 | E28: 152.77952 | F28: =4490981.01238192/1000 -> 4490.981 | G28: 155.26107
A29: co2 | B29: 110 | C29: 150.88372 | D29: 155.26107 | E29: 155.26107 | F29: =4490981.01238192/1000 -> 4490.981 | G29: 155.26107
A30: co2 | B30: 130 | C30: 153.19514 | D30: 155.26107 | E30: 155.26107 | F30: =4490981.01238192/1000 -> 4490.981 | G30: 155.26107
A31: co2 | B31: 150 | C31: 155.26107 | D31: 155.26107 | E31: =+D31 -> 155.26107 | F31: =4490981.01238192/1000 -> 4490.981 | G31: 155.26107
A32: co2 | B32: 170 | C32: 155.26107 | D32: 155.26107 | E32: 155.26107 | F32: =4490981.01238192/1000 -> 4490.981 | G32: 155.26107
A33: co2 | B33: 190 | C33: 155.26107 | D33: 155.26107 | E33: 155.26107 | F33: =4490981.01238192/1000 -> 4490.981 | G33: 155.26107
A34: co2 | B34: 210 | C34: 155.26107 | D34: 155.26107 | E34: 155.26107 | F34: =4490981.01238192/1000 -> 4490.981 | G34: 155.26107

Sheet Tabella
B2: modello | C2: M1
C5: Freigth diverted | F5: Ground movements replaced | I5: CO2 emissions avoided
B6: Nr. drones | C6: kg | D6: % | G6: % | I6: kg | J6: %
B7: 10 | C7: =+VLOOKUP(B7,'Dati complessivi'!$B$1:$E$12,IF($C$2="M1",2,IF($C$2="M2",3,IF($C$2="M3",4,5))),FALSE) -> 7852.4386 | D7: =+C7/$C$13 -> 0.10087246 | F7: =+VLOOKUP(B7,'Dati complessivi'!$B$13:$E$23,IF($C$2="M1",2,IF($C$2="M2",3,IF($C$2="M3",4,5))),FALSE) -> 16 | G7: =+F7/$F$13 -> 0.062256809 | I7: =+VLOOKUP(B7,'Dati complessivi'!$B$24:$E$34,IF($C$2="M1",2,IF($C$2="M2",3,IF($C$2="M3",4,5))),FALSE) -> 29.438355 | J7: =+I7/$I$13 -> 0.0065549943
B8: 50 | C8: =+VLOOKUP(B8,'Dati complessivi'!$B$1:$E$12,IF($C$2="M1",2,IF($C$2="M2",3,IF($C$2="M3",4,5))),FALSE) -> 20828.837 | D8: =+C8/$C$13 -> 0.26756732 | F8: =+VLOOKUP(B8,'Dati complessivi'!$B$13:$E$23,IF($C$2="M1",2,IF($C$2="M2",3,IF($C$2="M3",4,5))),FALSE) -> 44 | G8: =+F8/$F$13 -> 0.17120623 | I8: =+VLOOKUP(B8,'Dati complessivi'!$B$24:$E$34,IF($C$2="M1",2,IF($C$2="M2",3,IF($C$2="M3",4,5))),FALSE) -> 102.00614 | J8: =+I8/$I$13 -> 0.022713553
B9: 90 | C9: =+VLOOKUP(B9,'Dati complessivi'!$B$1:$E$12,IF($C$2="M1",2,IF($C$2="M2",3,IF($C$2="M3",4,5))),FALSE) -> 24514.122 | D9: =+C9/$C$13 -> 0.31490851 | F9: =+VLOOKUP(B9,'Dati complessivi'!$B$13:$E$23,IF($C$2="M1",2,IF($C$2="M2",3,IF($C$2="M3",4,5))),FALSE) -> 56 | G9: =+F9/$F$13 -> 0.21789883 | I9: =+VLOOKUP(B9,'Dati complessivi'!$B$24:$E$34,IF($C$2="M1",2,IF($C$2="M2",3,IF($C$2="M3",4,5))),FALSE) -> 143.59219 | J9: =+I9/$I$13 -> 0.031973457
B10: 110 | C10: =+VLOOKUP(B10,'Dati complessivi'!$B$1:$E$12,IF($C$2="M1",2,IF($C$2="M2",3,IF($C$2="M3",4,5))),FALSE) -> 24585.207 | D10: =+C10/$C$13 -> 0.31582166 | F10: =+VLOOKUP(B10,'Dati complessivi'!$B$13:$E$23,IF($C$2="M1",2,IF($C$2="M2",3,IF($C$2="M3",4,5))),FALSE) -> 58 | G10: =+F10/$F$13 -> 0.22568093 | I10: =+VLOOKUP(B10,'Dati complessivi'!$B$24:$E$34,IF($C$2="M1",2,IF($C$2="M2",3,IF($C$2="M3",4,5))),FALSE) -> 150.88372 | J10: =+I10/$I$13 -> 0.033597052
B11: 150 | C11: =+VLOOKUP(B11,'Dati complessivi'!$B$1:$E$12,IF($C$2="M1",2,IF($C$2="M2",3,IF($C$2="M3",4,5))),FALSE) -> 24597.6 | D11: =+C11/$C$13 -> 0.31598087 | F11: =+VLOOKUP(B11,'Dati complessivi'!$B$13:$E$23,IF($C$2="M1",2,IF($C$2="M2",3,IF($C$2="M3",4,5))),FALSE) -> 60 | G11: =+F11/$F$13 -> 0.23346304 | I11: =+VLOOKUP(B11,'Dati complessivi'!$B$24:$E$34,IF($C$2="M1",2,IF($C$2="M2",3,IF($C$2="M3",4,5))),FALSE) -> 155.26107 | J11: =+I11/$I$13 -> 0.03457175
C13: 77845.22 | F13: 257 | I13: =4490981.01238192/1000 -> 4490.981
